order_id,customer_id,region,category,amount_minor,ordered_at
o-000,c-0,EU,books,1000,2026-04-20T10:00:00Z
o-001,c-1,UK,garden,1371,2026-04-20T10:05:00Z
o-002,c-2,US,toys,1742,2026-04-20T10:10:00Z
o-003,c-3,EU,games,2113,2026-04-20T10:15:00Z
o-004,c-4,UK,books,2484,2026-04-20T10:20:00Z
o-005,c-5,US,garden,2855,2026-04-20T10:25:00Z
o-006,c-6,EU,toys,3226,2026-04-20T10:30:00Z
o-007,c-0,UK,games,3597,2026-04-20T10:35:00Z
o-008,c-1,US,books,3968,2026-04-20T10:40:00Z
o-009,c-2,EU,garden,4339,2026-04-20T10:45:00Z
o-010,c-3,UK,toys,4710,2026-04-20T10:50:00Z
o-011,c-4,US,games,5081,2026-04-20T10:55:00Z
o-012,c-5,EU,books,5452,2026-04-20T11:00:00Z
o-013,c-6,UK,garden,5823,2026-04-20T11:05:00Z
o-014,c-0,US,toys,6194,2026-04-20T11:10:00Z
o-015,c-1,EU,games,6565,2026-04-20T11:15:00Z
o-016,c-2,UK,books,6936,2026-04-20T11:20:00Z
o-017,c-3,US,garden,7307,2026-04-20T11:25:00Z
o-018,c-4,EU,toys,7678,2026-04-20T11:30:00Z
o-019,c-5,UK,games,8049,2026-04-20T11:35:00Z
o-020,c-6,US,books,8420,2026-04-20T11:40:00Z
o-021,c-0,EU,garden,8791,2026-04-20T11:45:00Z
o-022,c-1,UK,toys,9162,2026-04-20T11:50:00Z
o-023,c-2,US,games,9533,2026-04-20T11:55:00Z
o-100,c-2,EU,books,1500,2026-04-20T12:10:00Z
o-late,c-5,UK,toys,4200,2026-04-20T11:50:00Z
o-101,c-3,US,garden,2500,2026-04-20T12:20:00Z
