cdr_id,caller,callee,callee_country,duration_s,cell_id,start_time
cdr-001,447700900001,447700911001,GB,240,cell-12,2026-05-14T21:00:15Z
cdr-002,447700900002,447700911004,GB,180,cell-12,2026-05-14T21:00:40Z
cdr-003,447700900666,447700922000,GB,25,cell-40,2026-05-14T21:01:00Z
cdr-004,447700900666,447700922001,GB,30,cell-40,2026-05-14T21:01:10Z
cdr-005,447700900003,447700911006,GB,305,cell-12,2026-05-14T21:01:15Z
cdr-006,447700900666,447700922002,GB,35,cell-40,2026-05-14T21:01:20Z
cdr-007,447700900666,447700922003,GB,40,cell-40,2026-05-14T21:01:30Z
cdr-008,447700900666,447700922004,GB,25,cell-40,2026-05-14T21:01:40Z
cdr-009,447700900004,447700911007,GB,120,cell-12,2026-05-14T21:01:50Z
cdr-010,447700900666,447700922005,GB,30,cell-40,2026-05-14T21:01:50Z
cdr-011,447700900666,447700922006,GB,35,cell-40,2026-05-14T21:02:00Z
cdr-012,447700900001,447700911002,GB,95,cell-12,2026-05-14T21:02:10Z
cdr-013,447700900666,447700922007,GB,40,cell-40,2026-05-14T21:02:10Z
cdr-014,447700900666,447700922008,GB,25,cell-40,2026-05-14T21:02:20Z
cdr-015,447700900666,447700922009,GB,30,cell-40,2026-05-14T21:02:30Z
cdr-016,447700900005,447700911008,GB,75,cell-12,2026-05-14T21:02:40Z
cdr-017,447700900666,447700922010,GB,35,cell-40,2026-05-14T21:02:40Z
cdr-018,447700900666,447700922011,GB,40,cell-40,2026-05-14T21:02:50Z
cdr-019,447700900123,677749100,SB,1260,cell-07,2026-05-14T21:03:05Z
cdr-020,447700900002,447700911005,GB,60,cell-12,2026-05-14T21:03:20Z
cdr-021,447700900123,68890210,TV,45,cell-07,2026-05-14T21:03:35Z
cdr-022,447700900006,447700911009,GB,510,cell-12,2026-05-14T21:03:40Z
cdr-023,447700900123,677749101,SB,915,cell-07,2026-05-14T21:04:00Z
cdr-024,447700900001,447700911003,GB,410,cell-12,2026-05-14T21:04:10Z
cdr-close,447700900002,447700911010,GB,30,cell-12,2026-05-14T21:10:30Z
