shipment_id,courier,delivered_time
P1000,van-11,2026-10-05T07:15:00Z
P1003,van-31,2026-10-05T07:15:00Z
P1001,van-12,2026-10-05T07:35:00Z
P1006,van-12,2026-10-05T07:50:00Z
P1008,van-31,2026-10-05T07:50:00Z
P1004,van-32,2026-10-05T07:55:00Z
P1012,van-21,2026-10-05T08:05:00Z
P1011,van-12,2026-10-05T08:20:00Z
P1007,van-21,2026-10-05T08:25:00Z
P1010,van-11,2026-10-05T08:30:00Z
P1016,van-12,2026-10-05T08:35:00Z
P1014,van-32,2026-10-05T08:40:00Z
P1005,van-11,2026-10-05T08:55:00Z
P1019,van-32,2026-10-05T08:55:00Z
P1018,van-31,2026-10-05T09:05:00Z
P1015,van-11,2026-10-05T09:10:00Z
P1022,van-21,2026-10-05T09:18:00Z
P1013,van-31,2026-10-05T09:25:00Z
P1021,van-12,2026-10-05T09:25:00Z
P1009,van-32,2026-10-05T09:50:00Z
P1017,van-21,2026-10-05T10:15:00Z
P1002,van-21,2026-10-05T10:20:00Z
HB-DELIVERY,none,2026-10-05T12:30:00Z
