shipment_id,depot,service,dispatch_time
P1000,LHR1,express,2026-10-05T06:00:00Z
P1001,MAN2,express,2026-10-05T06:05:00Z
P1002,BRS3,express,2026-10-05T06:10:00Z
P1003,LHR1,express,2026-10-05T06:15:00Z
P1004,MAN2,express,2026-10-05T06:20:00Z
P1005,BRS3,express,2026-10-05T06:25:00Z
P1006,LHR1,express,2026-10-05T06:30:00Z
P1007,MAN2,express,2026-10-05T06:35:00Z
P1008,BRS3,express,2026-10-05T06:40:00Z
P1009,LHR1,express,2026-10-05T06:45:00Z
P1010,MAN2,express,2026-10-05T06:50:00Z
P1011,BRS3,express,2026-10-05T06:55:00Z
P1012,LHR1,express,2026-10-05T07:00:00Z
P1013,MAN2,express,2026-10-05T07:05:00Z
P1014,BRS3,express,2026-10-05T07:10:00Z
P1015,LHR1,express,2026-10-05T07:15:00Z
P1016,MAN2,express,2026-10-05T07:20:00Z
P1017,BRS3,express,2026-10-05T07:25:00Z
P1018,LHR1,express,2026-10-05T07:30:00Z
P1019,MAN2,express,2026-10-05T07:35:00Z
P1020,BRS3,express,2026-10-05T07:40:00Z
P1021,LHR1,express,2026-10-05T07:45:00Z
P1022,MAN2,express,2026-10-05T07:50:00Z
P1023,BRS3,express,2026-10-05T07:55:00Z
HB-DISPATCH,none,heartbeat,2026-10-05T12:30:00Z
