payment_id,merchant,card_country,amount_minor,status,paid_at
p-000,m-coffee,GB,350,APPROVED,2026-09-14T14:00:00Z
p-001,m-books,GB,1584,APPROVED,2026-09-14T14:00:10Z
p-002,m-grocer,GB,2818,APPROVED,2026-09-14T14:00:20Z
p-003,m-coffee,GB,4052,DECLINED,2026-09-14T14:00:30Z
p-004,m-books,GB,5286,APPROVED,2026-09-14T14:00:40Z
p-005,m-grocer,US,65000,APPROVED,2026-09-14T14:00:50Z
p-006,m-coffee,GB,7754,APPROVED,2026-09-14T14:01:00Z
p-007,m-books,GB,8988,APPROVED,2026-09-14T14:01:10Z
p-008,m-grocer,GB,1222,APPROVED,2026-09-14T14:01:20Z
p-009,m-coffee,GB,2456,APPROVED,2026-09-14T14:01:30Z
p-010,m-books,GB,3690,DECLINED,2026-09-14T14:01:40Z
p-011,m-grocer,FR,72000,APPROVED,2026-09-14T14:01:50Z
p-012,m-coffee,GB,6158,APPROVED,2026-09-14T14:02:00Z
p-013,m-books,GB,7392,APPROVED,2026-09-14T14:02:10Z
p-014,m-grocer,GB,8626,APPROVED,2026-09-14T14:02:20Z
p-015,m-coffee,GB,860,APPROVED,2026-09-14T14:02:30Z
p-016,m-books,DE,58000,APPROVED,2026-09-14T14:02:40Z
p-017,m-grocer,GB,3328,DECLINED,2026-09-14T14:02:50Z
p-close,m-coffee,GB,400,APPROVED,2026-09-14T14:03:10Z
