click_id,impression_id,user_id,click_time
clk-001,imp-000,u-00,2026-07-01T12:00:30Z
clk-002,imp-004,u-04,2026-07-01T12:02:10Z
clk-003,imp-012,u-12,2026-07-01T12:03:00Z
clk-004,imp-016,u-16,2026-07-01T12:03:25Z
clk-005,imp-020,u-00,2026-07-01T12:03:50Z
clk-006,imp-999,u-99,2026-07-01T12:04:05Z
clk-007,imp-024,u-04,2026-07-01T12:05:30Z
clk-008,imp-028,u-08,2026-07-01T12:05:55Z
clk-009,imp-032,u-12,2026-07-01T12:06:20Z
clk-010,imp-036,u-16,2026-07-01T12:06:45Z
clk-011,imp-040,u-00,2026-07-01T12:07:10Z
clk-012,imp-044,u-04,2026-07-01T12:08:50Z
clk-013,imp-048,u-08,2026-07-01T12:09:15Z
clk-014,imp-052,u-12,2026-07-01T12:09:40Z
clk-015,imp-056,u-16,2026-07-01T12:10:05Z
clk-016,imp-008,u-08,2026-07-01T12:13:20Z
clk-hb,none,u-hb,2026-07-01T12:25:00Z
