impression_id,campaign_id,user_id,placement,cost_micros,impression_time
imp-000,summer-sale,u-00,news-top,1500,2026-07-01T12:00:00Z
imp-001,new-phone,u-01,news-top,1750,2026-07-01T12:00:10Z
imp-002,travel,u-02,news-top,2000,2026-07-01T12:00:20Z
imp-003,summer-sale,u-03,sports-side,2250,2026-07-01T12:00:30Z
imp-004,new-phone,u-04,sports-side,1500,2026-07-01T12:00:40Z
imp-005,travel,u-05,sports-side,1750,2026-07-01T12:00:50Z
imp-006,summer-sale,u-06,video-pre,2000,2026-07-01T12:01:00Z
imp-007,new-phone,u-07,video-pre,2250,2026-07-01T12:01:10Z
imp-008,travel,u-08,video-pre,1500,2026-07-01T12:01:20Z
imp-009,summer-sale,u-09,news-top,1750,2026-07-01T12:01:30Z
imp-010,new-phone,u-10,news-top,2000,2026-07-01T12:01:40Z
imp-011,travel,u-11,news-top,2250,2026-07-01T12:01:50Z
imp-012,summer-sale,u-12,sports-side,1500,2026-07-01T12:02:00Z
imp-013,new-phone,u-13,sports-side,1750,2026-07-01T12:02:10Z
imp-014,travel,u-14,sports-side,2000,2026-07-01T12:02:20Z
imp-015,summer-sale,u-15,video-pre,2250,2026-07-01T12:02:30Z
imp-016,new-phone,u-16,video-pre,1500,2026-07-01T12:02:40Z
imp-017,travel,u-17,video-pre,1750,2026-07-01T12:02:50Z
imp-018,summer-sale,u-18,news-top,2000,2026-07-01T12:03:00Z
imp-019,new-phone,u-19,news-top,2250,2026-07-01T12:03:10Z
imp-020,travel,u-00,news-top,1500,2026-07-01T12:03:20Z
imp-021,summer-sale,u-01,sports-side,1750,2026-07-01T12:03:30Z
imp-022,new-phone,u-02,sports-side,2000,2026-07-01T12:03:40Z
imp-023,travel,u-03,sports-side,2250,2026-07-01T12:03:50Z
imp-024,summer-sale,u-04,video-pre,1500,2026-07-01T12:04:00Z
imp-025,new-phone,u-05,video-pre,1750,2026-07-01T12:04:10Z
imp-026,travel,u-06,video-pre,2000,2026-07-01T12:04:20Z
imp-027,summer-sale,u-07,news-top,2250,2026-07-01T12:04:30Z
imp-028,new-phone,u-08,news-top,1500,2026-07-01T12:04:40Z
imp-029,travel,u-09,news-top,1750,2026-07-01T12:04:50Z
imp-030,summer-sale,u-10,sports-side,2000,2026-07-01T12:05:00Z
imp-031,new-phone,u-11,sports-side,2250,2026-07-01T12:05:10Z
imp-032,travel,u-12,sports-side,1500,2026-07-01T12:05:20Z
imp-033,summer-sale,u-13,video-pre,1750,2026-07-01T12:05:30Z
imp-034,new-phone,u-14,video-pre,2000,2026-07-01T12:05:40Z
imp-035,travel,u-15,video-pre,2250,2026-07-01T12:05:50Z
imp-036,summer-sale,u-16,news-top,1500,2026-07-01T12:06:00Z
imp-037,new-phone,u-17,news-top,1750,2026-07-01T12:06:10Z
imp-038,travel,u-18,news-top,2000,2026-07-01T12:06:20Z
imp-039,summer-sale,u-19,sports-side,2250,2026-07-01T12:06:30Z
imp-040,new-phone,u-00,sports-side,1500,2026-07-01T12:06:40Z
imp-041,travel,u-01,sports-side,1750,2026-07-01T12:06:50Z
imp-042,summer-sale,u-02,video-pre,2000,2026-07-01T12:07:00Z
imp-043,new-phone,u-03,video-pre,2250,2026-07-01T12:07:10Z
imp-044,travel,u-04,video-pre,1500,2026-07-01T12:07:20Z
imp-045,summer-sale,u-05,news-top,1750,2026-07-01T12:07:30Z
imp-046,new-phone,u-06,news-top,2000,2026-07-01T12:07:40Z
imp-047,travel,u-07,news-top,2250,2026-07-01T12:07:50Z
imp-048,summer-sale,u-08,sports-side,1500,2026-07-01T12:08:00Z
imp-049,new-phone,u-09,sports-side,1750,2026-07-01T12:08:10Z
imp-050,travel,u-10,sports-side,2000,2026-07-01T12:08:20Z
imp-051,summer-sale,u-11,video-pre,2250,2026-07-01T12:08:30Z
imp-052,new-phone,u-12,video-pre,1500,2026-07-01T12:08:40Z
imp-053,travel,u-13,video-pre,1750,2026-07-01T12:08:50Z
imp-054,summer-sale,u-14,news-top,2000,2026-07-01T12:09:00Z
imp-055,new-phone,u-15,news-top,2250,2026-07-01T12:09:10Z
imp-056,travel,u-16,news-top,1500,2026-07-01T12:09:20Z
imp-057,summer-sale,u-17,sports-side,1750,2026-07-01T12:09:30Z
imp-058,new-phone,u-18,sports-side,2000,2026-07-01T12:09:40Z
imp-059,travel,u-19,sports-side,2250,2026-07-01T12:09:50Z
imp-hb,none,u-hb,none,0,2026-07-01T12:25:00Z
