reading_id,machine_id,line_id,temperature_dc,vibration_um,reading_time
press-01-00,press-01,L1,710,20,2026-03-02T08:00:00Z
press-02-00,press-02,L1,720,20,2026-03-02T08:00:00Z
lathe-07-00,lathe-07,L2,600,20,2026-03-02T08:00:00Z
press-01-01,press-01,L1,715,22,2026-03-02T08:00:10Z
press-02-01,press-02,L1,724,22,2026-03-02T08:00:10Z
lathe-07-01,lathe-07,L2,603,22,2026-03-02T08:00:10Z
press-01-02,press-01,L1,720,24,2026-03-02T08:00:20Z
press-02-02,press-02,L1,720,24,2026-03-02T08:00:20Z
lathe-07-02,lathe-07,L2,606,24,2026-03-02T08:00:20Z
press-01-03,press-01,L1,710,26,2026-03-02T08:00:30Z
press-02-03,press-02,L1,724,26,2026-03-02T08:00:30Z
lathe-07-03,lathe-07,L2,609,26,2026-03-02T08:00:30Z
press-01-04,press-01,L1,715,28,2026-03-02T08:00:40Z
press-02-04,press-02,L1,720,28,2026-03-02T08:00:40Z
lathe-07-04,lathe-07,L2,600,28,2026-03-02T08:00:40Z
press-01-05,press-01,L1,720,20,2026-03-02T08:00:50Z
press-02-05,press-02,L1,724,20,2026-03-02T08:00:50Z
lathe-07-05,lathe-07,L2,603,20,2026-03-02T08:00:50Z
press-01-06,press-01,L1,710,22,2026-03-02T08:01:00Z
press-02-06,press-02,L1,780,22,2026-03-02T08:01:00Z
lathe-07-06,lathe-07,L2,606,22,2026-03-02T08:01:00Z
press-01-07,press-01,L1,715,24,2026-03-02T08:01:10Z
press-02-07,press-02,L1,805,24,2026-03-02T08:01:10Z
lathe-07-07,lathe-07,L2,609,24,2026-03-02T08:01:10Z
press-01-08,press-01,L1,720,26,2026-03-02T08:01:20Z
press-02-08,press-02,L1,830,26,2026-03-02T08:01:20Z
lathe-07-08,lathe-07,L2,600,26,2026-03-02T08:01:20Z
press-01-09,press-01,L1,710,28,2026-03-02T08:01:30Z
press-02-09,press-02,L1,855,28,2026-03-02T08:01:30Z
lathe-07-09,lathe-07,L2,603,180,2026-03-02T08:01:30Z
press-01-10,press-01,L1,715,20,2026-03-02T08:01:40Z
press-02-10,press-02,L1,880,20,2026-03-02T08:01:40Z
lathe-07-10,lathe-07,L2,606,180,2026-03-02T08:01:40Z
press-01-11,press-01,L1,720,22,2026-03-02T08:01:50Z
press-02-11,press-02,L1,905,22,2026-03-02T08:01:50Z
lathe-07-11,lathe-07,L2,609,22,2026-03-02T08:01:50Z
press-01-12,press-01,L1,710,24,2026-03-02T08:02:00Z
press-02-12,press-02,L1,940,24,2026-03-02T08:02:00Z
lathe-07-12,lathe-07,L2,600,24,2026-03-02T08:02:00Z
press-01-13,press-01,L1,715,26,2026-03-02T08:02:10Z
press-02-13,press-02,L1,948,26,2026-03-02T08:02:10Z
lathe-07-13,lathe-07,L2,603,26,2026-03-02T08:02:10Z
press-01-14,press-01,L1,720,28,2026-03-02T08:02:20Z
press-02-14,press-02,L1,956,28,2026-03-02T08:02:20Z
lathe-07-14,lathe-07,L2,606,28,2026-03-02T08:02:20Z
press-01-15,press-01,L1,710,20,2026-03-02T08:02:30Z
press-02-15,press-02,L1,964,20,2026-03-02T08:02:30Z
lathe-07-15,lathe-07,L2,609,20,2026-03-02T08:02:30Z
press-01-16,press-01,L1,715,22,2026-03-02T08:02:40Z
press-02-16,press-02,L1,972,22,2026-03-02T08:02:40Z
lathe-07-16,lathe-07,L2,600,22,2026-03-02T08:02:40Z
press-01-17,press-01,L1,720,24,2026-03-02T08:02:50Z
press-02-17,press-02,L1,980,24,2026-03-02T08:02:50Z
lathe-07-17,lathe-07,L2,603,24,2026-03-02T08:02:50Z
press-01-hb,press-01,L1,712,21,2026-03-02T08:03:20Z
press-02-late,press-02,L1,991,24,2026-03-02T08:02:55Z
press-01-stale,press-01,L1,999,99,2026-03-02T08:00:45Z
press-01-hb2,press-01,L1,711,20,2026-03-02T08:03:40Z
