sku,warehouse,on_hand,reorder_point,updated_at
sku-100,LDN,40,10,2026-06-01T09:00:00Z
sku-100,MAN,25,10,2026-06-01T09:00:00Z
sku-200,LDN,12,8,2026-06-01T09:00:00Z
sku-300,LDN,6,5,2026-06-01T09:00:00Z
sku-300,MAN,30,5,2026-06-01T09:00:00Z
sku-400,MAN,3,4,2026-06-01T09:00:00Z
-,sku-200,LDN,12,8,2026-06-01T09:00:00Z
sku-200,LDN,7,8,2026-06-01T09:05:00Z
-,sku-300,LDN,6,5,2026-06-01T09:00:00Z
sku-300,LDN,2,5,2026-06-01T09:10:00Z
-,sku-100,MAN,25,10,2026-06-01T09:00:00Z
sku-100,MAN,22,10,2026-06-01T09:15:00Z
-,sku-200,LDN,7,8,2026-06-01T09:05:00Z
sku-200,LDN,27,8,2026-06-01T09:20:00Z
-,sku-400,MAN,3,4,2026-06-01T09:00:00Z
-,sku-100,LDN,40,10,2026-06-01T09:00:00Z
sku-100,LDN,10,10,2026-06-01T09:30:00Z
