event_id,session_id,step,device,basket_minor,event_time
e-0001,s-000,CART,app,1999,2026-11-27T10:00:00Z
e-0002,s-001,CART,web,2736,2026-11-27T10:00:10Z
e-0003,s-000,CHECKOUT,app,1999,2026-11-27T10:00:20Z
e-0004,s-002,CART,web,3473,2026-11-27T10:00:20Z
e-0005,s-001,CHECKOUT,web,2736,2026-11-27T10:00:30Z
e-0006,s-003,CART,app,4210,2026-11-27T10:00:30Z
e-0007,s-000,PAYMENT,app,1999,2026-11-27T10:00:40Z
e-0008,s-002,CHECKOUT,web,3473,2026-11-27T10:00:40Z
e-0009,s-004,CART,web,4947,2026-11-27T10:00:40Z
e-0010,s-001,PAYMENT,web,2736,2026-11-27T10:00:50Z
e-0011,s-005,CART,web,5684,2026-11-27T10:00:50Z
e-0012,s-000,ORDER,app,1999,2026-11-27T10:01:00Z
e-0013,s-002,PAYMENT,web,3473,2026-11-27T10:01:00Z
e-0014,s-004,CHECKOUT,web,4947,2026-11-27T10:01:00Z
e-0015,s-006,CART,app,6421,2026-11-27T10:01:00Z
e-0016,s-001,ORDER,web,2736,2026-11-27T10:01:10Z
e-0017,s-005,CHECKOUT,web,5684,2026-11-27T10:01:10Z
e-0018,s-007,CART,web,7158,2026-11-27T10:01:10Z
e-0019,s-002,ORDER,web,3473,2026-11-27T10:01:20Z
e-0020,s-006,CHECKOUT,app,6421,2026-11-27T10:01:20Z
e-0021,s-008,CART,web,7895,2026-11-27T10:01:20Z
e-0022,s-005,PAYMENT,web,5684,2026-11-27T10:01:30Z
e-0023,s-009,CART,app,8632,2026-11-27T10:01:30Z
e-0024,s-006,PAYMENT,app,6421,2026-11-27T10:01:40Z
e-0025,s-008,CHECKOUT,web,7895,2026-11-27T10:01:40Z
e-0026,s-010,CART,web,9369,2026-11-27T10:01:40Z
e-0027,s-005,ORDER,web,5684,2026-11-27T10:01:50Z
e-0028,s-009,CHECKOUT,app,8632,2026-11-27T10:01:50Z
e-0029,s-011,CART,web,10106,2026-11-27T10:01:50Z
e-0030,s-006,ORDER,app,6421,2026-11-27T10:02:00Z
e-0031,s-008,PAYMENT,web,7895,2026-11-27T10:02:00Z
e-0032,s-010,CHECKOUT,web,9369,2026-11-27T10:02:00Z
e-0033,s-012,CART,app,10843,2026-11-27T10:02:00Z
e-0034,s-013,CART,web,2580,2026-11-27T10:02:10Z
e-0035,s-008,ORDER,web,7895,2026-11-27T10:02:20Z
e-0036,s-010,PAYMENT,web,9369,2026-11-27T10:02:20Z
e-0037,s-012,CHECKOUT,app,10843,2026-11-27T10:02:20Z
e-0038,s-014,CART,web,3317,2026-11-27T10:02:20Z
e-0039,s-013,CHECKOUT,web,2580,2026-11-27T10:02:30Z
e-0040,s-015,CART,app,4054,2026-11-27T10:02:30Z
e-0041,s-010,ORDER,web,9369,2026-11-27T10:02:40Z
e-0042,s-012,PAYMENT,app,10843,2026-11-27T10:02:40Z
e-0043,s-014,CHECKOUT,web,3317,2026-11-27T10:02:40Z
e-0044,s-016,CART,web,4791,2026-11-27T10:02:40Z
e-0045,s-013,PAYMENT,web,2580,2026-11-27T10:02:50Z
e-0046,s-017,CART,web,5528,2026-11-27T10:02:50Z
e-0047,s-012,ORDER,app,10843,2026-11-27T10:03:00Z
e-0048,s-016,CHECKOUT,web,4791,2026-11-27T10:03:00Z
e-0049,s-018,CART,app,6265,2026-11-27T10:03:00Z
e-0050,s-013,ORDER,web,2580,2026-11-27T10:03:10Z
e-0051,s-017,CHECKOUT,web,5528,2026-11-27T10:03:10Z
e-0052,s-019,CART,web,7002,2026-11-27T10:03:10Z
e-0053,s-016,PAYMENT,web,4791,2026-11-27T10:03:20Z
e-0054,s-018,CHECKOUT,app,6265,2026-11-27T10:03:20Z
e-0055,s-020,CART,web,7739,2026-11-27T10:03:20Z
e-0056,s-017,PAYMENT,web,5528,2026-11-27T10:03:30Z
e-0057,s-021,CART,app,8476,2026-11-27T10:03:30Z
e-0058,s-016,ORDER,web,4791,2026-11-27T10:03:40Z
e-0059,s-018,PAYMENT,app,6265,2026-11-27T10:03:40Z
e-0060,s-020,CHECKOUT,web,7739,2026-11-27T10:03:40Z
e-0061,s-022,CART,web,9213,2026-11-27T10:03:40Z
e-0062,s-017,ORDER,web,5528,2026-11-27T10:03:50Z
e-0063,s-021,CHECKOUT,app,8476,2026-11-27T10:03:50Z
e-0064,s-023,CART,web,9950,2026-11-27T10:03:50Z
e-0065,s-018,ORDER,app,6265,2026-11-27T10:04:00Z
e-0066,s-020,PAYMENT,web,7739,2026-11-27T10:04:00Z
e-0067,s-022,CHECKOUT,web,9213,2026-11-27T10:04:00Z
e-0068,s-024,CART,app,10687,2026-11-27T10:04:00Z
e-0069,s-021,PAYMENT,app,8476,2026-11-27T10:04:10Z
e-0070,s-025,CART,web,2424,2026-11-27T10:04:10Z
e-0071,s-020,ORDER,web,7739,2026-11-27T10:04:20Z
e-0072,s-022,PAYMENT,web,9213,2026-11-27T10:04:20Z
e-0073,s-024,CHECKOUT,app,10687,2026-11-27T10:04:20Z
e-0074,s-026,CART,web,3161,2026-11-27T10:04:20Z
e-0075,s-021,ORDER,app,8476,2026-11-27T10:04:30Z
e-0076,s-025,CHECKOUT,web,2424,2026-11-27T10:04:30Z
e-0077,s-027,CART,app,3898,2026-11-27T10:04:30Z
e-0078,s-022,ORDER,web,9213,2026-11-27T10:04:40Z
e-0079,s-026,CHECKOUT,web,3161,2026-11-27T10:04:40Z
e-0080,s-028,CART,web,4635,2026-11-27T10:04:40Z
e-0081,s-025,PAYMENT,web,2424,2026-11-27T10:04:50Z
e-0082,s-029,CART,web,5372,2026-11-27T10:04:50Z
e-0083,s-026,PAYMENT,web,3161,2026-11-27T10:05:00Z
e-0084,s-028,CHECKOUT,web,4635,2026-11-27T10:05:00Z
e-0085,s-030,CART,app,6109,2026-11-27T10:05:00Z
e-0086,s-025,ORDER,web,2424,2026-11-27T10:05:10Z
e-0087,s-029,CHECKOUT,web,5372,2026-11-27T10:05:10Z
e-0088,s-031,CART,web,6846,2026-11-27T10:05:10Z
e-0089,s-026,ORDER,web,3161,2026-11-27T10:05:20Z
e-0090,s-028,PAYMENT,web,4635,2026-11-27T10:05:20Z
e-0091,s-030,CHECKOUT,app,6109,2026-11-27T10:05:20Z
e-0092,s-032,CART,web,7583,2026-11-27T10:05:20Z
e-0093,s-033,CART,app,8320,2026-11-27T10:05:30Z
e-0094,s-028,ORDER,web,4635,2026-11-27T10:05:40Z
e-0095,s-030,PAYMENT,app,6109,2026-11-27T10:05:40Z
e-0096,s-032,CHECKOUT,web,7583,2026-11-27T10:05:40Z
e-0097,s-034,CART,web,9057,2026-11-27T10:05:40Z
e-0098,s-033,CHECKOUT,app,8320,2026-11-27T10:05:50Z
e-0099,s-035,CART,web,9794,2026-11-27T10:05:50Z
e-0100,s-030,ORDER,app,6109,2026-11-27T10:06:00Z
e-0101,s-032,PAYMENT,web,7583,2026-11-27T10:06:00Z
e-0102,s-034,CHECKOUT,web,9057,2026-11-27T10:06:00Z
e-0103,s-036,CART,app,10531,2026-11-27T10:06:00Z
e-0104,s-033,PAYMENT,app,8320,2026-11-27T10:06:10Z
e-0105,s-037,CART,web,2268,2026-11-27T10:06:10Z
e-0106,s-032,ORDER,web,7583,2026-11-27T10:06:20Z
e-0107,s-036,CHECKOUT,app,10531,2026-11-27T10:06:20Z
e-0108,s-038,CART,web,3005,2026-11-27T10:06:20Z
e-0109,s-033,PAYMENT_FAILED,app,8320,2026-11-27T10:06:30Z
e-0110,s-037,CHECKOUT,web,2268,2026-11-27T10:06:30Z
e-0111,s-039,CART,app,3742,2026-11-27T10:06:30Z
e-0112,s-036,PAYMENT,app,10531,2026-11-27T10:06:40Z
e-0113,s-038,CHECKOUT,web,3005,2026-11-27T10:06:40Z
e-0114,s-040,CART,web,4479,2026-11-27T10:06:40Z
e-0115,s-037,PAYMENT,web,2268,2026-11-27T10:06:50Z
e-0116,s-041,CART,web,5216,2026-11-27T10:06:50Z
e-0117,s-036,PAYMENT_FAILED,app,10531,2026-11-27T10:07:00Z
e-0118,s-038,PAYMENT,web,3005,2026-11-27T10:07:00Z
e-0119,s-040,CHECKOUT,web,4479,2026-11-27T10:07:00Z
e-0120,s-042,CART,app,5953,2026-11-27T10:07:00Z
e-0121,s-037,ORDER,web,2268,2026-11-27T10:07:10Z
e-0122,s-041,CHECKOUT,web,5216,2026-11-27T10:07:10Z
e-0123,s-043,CART,web,6690,2026-11-27T10:07:10Z
e-0124,s-038,ORDER,web,3005,2026-11-27T10:07:20Z
e-0125,s-040,PAYMENT,web,4479,2026-11-27T10:07:20Z
e-0126,s-042,CHECKOUT,app,5953,2026-11-27T10:07:20Z
e-0127,s-044,CART,web,7427,2026-11-27T10:07:20Z
e-0128,s-041,PAYMENT,web,5216,2026-11-27T10:07:30Z
e-0129,s-045,CART,app,8164,2026-11-27T10:07:30Z
e-0130,s-040,ORDER,web,4479,2026-11-27T10:07:40Z
e-0131,s-042,PAYMENT,app,5953,2026-11-27T10:07:40Z
e-0132,s-044,CHECKOUT,web,7427,2026-11-27T10:07:40Z
e-0133,s-046,CART,web,8901,2026-11-27T10:07:40Z
e-0134,s-041,ORDER,web,5216,2026-11-27T10:07:50Z
e-0135,s-045,CHECKOUT,app,8164,2026-11-27T10:07:50Z
e-0136,s-047,CART,web,9638,2026-11-27T10:07:50Z
e-0137,s-042,PAYMENT_FAILED,app,5953,2026-11-27T10:08:00Z
e-0138,s-046,CHECKOUT,web,8901,2026-11-27T10:08:00Z
e-0139,s-048,CART,app,10375,2026-11-27T10:08:00Z
e-0140,s-045,PAYMENT,app,8164,2026-11-27T10:08:10Z
e-0141,s-049,CART,web,2112,2026-11-27T10:08:10Z
e-0142,s-046,PAYMENT,web,8901,2026-11-27T10:08:20Z
e-0143,s-048,CHECKOUT,app,10375,2026-11-27T10:08:20Z
e-0144,s-050,CART,web,2849,2026-11-27T10:08:20Z
e-0145,s-045,PAYMENT_FAILED,app,8164,2026-11-27T10:08:30Z
e-0146,s-049,CHECKOUT,web,2112,2026-11-27T10:08:30Z
e-0147,s-051,CART,app,3586,2026-11-27T10:08:30Z
e-0148,s-046,ORDER,web,8901,2026-11-27T10:08:40Z
e-0149,s-048,PAYMENT,app,10375,2026-11-27T10:08:40Z
e-0150,s-050,CHECKOUT,web,2849,2026-11-27T10:08:40Z
e-0151,s-052,CART,web,4323,2026-11-27T10:08:40Z
e-0152,s-053,CART,web,5060,2026-11-27T10:08:50Z
e-0153,s-048,PAYMENT_FAILED,app,10375,2026-11-27T10:09:00Z
e-0154,s-050,PAYMENT,web,2849,2026-11-27T10:09:00Z
e-0155,s-052,CHECKOUT,web,4323,2026-11-27T10:09:00Z
e-0156,s-054,CART,app,5797,2026-11-27T10:09:00Z
e-0157,s-053,CHECKOUT,web,5060,2026-11-27T10:09:10Z
e-0158,s-055,CART,web,6534,2026-11-27T10:09:10Z
e-0159,s-050,ORDER,web,2849,2026-11-27T10:09:20Z
e-0160,s-052,PAYMENT,web,4323,2026-11-27T10:09:20Z
e-0161,s-054,CHECKOUT,app,5797,2026-11-27T10:09:20Z
e-0162,s-056,CART,web,7271,2026-11-27T10:09:20Z
e-0163,s-053,PAYMENT,web,5060,2026-11-27T10:09:30Z
e-0164,s-057,CART,app,8008,2026-11-27T10:09:30Z
e-0165,s-052,ORDER,web,4323,2026-11-27T10:09:40Z
e-0166,s-056,CHECKOUT,web,7271,2026-11-27T10:09:40Z
e-0167,s-058,CART,web,8745,2026-11-27T10:09:40Z
e-0168,s-053,ORDER,web,5060,2026-11-27T10:09:50Z
e-0169,s-057,CHECKOUT,app,8008,2026-11-27T10:09:50Z
e-0170,s-059,CART,web,9482,2026-11-27T10:09:50Z
e-0171,s-056,PAYMENT,web,7271,2026-11-27T10:10:00Z
e-0172,s-058,CHECKOUT,web,8745,2026-11-27T10:10:00Z
e-0173,s-057,PAYMENT,app,8008,2026-11-27T10:10:10Z
e-0174,s-056,ORDER,web,7271,2026-11-27T10:10:20Z
e-0175,s-058,PAYMENT,web,8745,2026-11-27T10:10:20Z
e-0176,s-057,ORDER,app,8008,2026-11-27T10:10:30Z
e-0177,s-058,ORDER,web,8745,2026-11-27T10:10:40Z
e-close,s-900,CART,web,2500,2026-11-27T10:15:20Z
